datetime,timing,temperature
2026-04-01 05:15,before,0.9
2026-04-01 14:05,working,1.8
2026-04-01 18:55,after,1.2
2026-04-02 05:15,before,1.4
2026-04-02 13:45,working,3.3
2026-04-02 18:45,after,0.1
2026-04-03 05:05,before,0.0
2026-04-03 13:45,working,4.0
2026-04-03 18:35,after,0.8
2026-04-04 05:05,before,1.2
2026-04-04 13:35,working,0.8
2026-04-04 18:25,after,0.4
2026-04-05 05:05,before,1.5
2026-04-05 13:55,working,0.9
2026-04-05 18:25,after,0.4
2026-04-06 05:05,before,0.0
2026-04-06 14:05,working,1.0
2026-04-06 18:55,after,-1.0
2026-04-07 05:15,before,-0.2
2026-04-07 13:55,working,0.7
2026-04-07 18:55,after,1.4
2026-04-08 05:25,before,1.4
2026-04-08 13:55,working,1.3
2026-04-08 18:55,after,0.2
2026-04-09 05:15,before,1.2
2026-04-09 13:55,working,0.8
2026-04-09 18:55,after,1.7
2026-04-10 05:25,before,1.3
2026-04-10 14:05,working,1.7
2026-04-10 18:55,after,1.7
2026-04-11 05:15,before,0.9
2026-04-11 13:35,working,1.4
2026-04-11 18:25,after,1.3
2026-04-12 05:05,before,0.6
2026-04-12 14:05,working,1.9
2026-04-12 18:25,after,1.6
2026-04-13 05:05,before,1.1
2026-04-13 14:25,working,1.4
2026-04-13 19:15,after,1.0
2026-04-14 05:25,before,-0.1
2026-04-14 14:05,working,1.3
2026-04-14 18:55,after,1.0
2026-04-15 05:25,before,0.8
2026-04-15 14:05,working,1.6
2026-04-15 19:05,after,2.1
2026-04-16 05:25,before,1.3
2026-04-16 14:15,working,1.0
2026-04-16 18:25,after,0.1
2026-04-17 05:25,before,0.9
2026-04-17 14:15,working,0.6
2026-04-17 18:55,after,2.1
2026-04-18 05:25,before,1.7
2026-04-18 13:55,working,1.8
2026-04-18 18:35,after,1.0
2026-04-19 05:05,before,1.0
2026-04-19 14:15,working,0.7
2026-04-19 18:25,after,0.8
2026-04-20 05:15,before,1.3
2026-04-20 14:25,working,11.4
2026-04-20 19:35,after,0.8
2026-04-21 05:25,before,1.2
2026-04-21 14:15,working,0.6
2026-04-21 19:05,after,1.5
2026-04-22 05:25,before,1.1
2026-04-22 14:05,working,2.0
2026-04-22 19:05,after,2.3
2026-04-23 05:25,before,2.0
2026-04-23 14:15,working,1.7
2026-04-23 19:05,after,1.4
2026-04-24 05:25,before,0.5
2026-04-24 14:15,working,1.0
2026-04-24 19:05,after,2.3
2026-04-25 05:25,before,1.1
2026-04-25 13:55,working,1.2
2026-04-25 18:35,after,1.6
2026-04-26 05:15,before,1.8
2026-04-26 14:25,working,1.8
2026-04-26 18:35,after,1.8
2026-04-27 05:15,before,1.1
2026-04-27 14:35,working,1.0
2026-04-27 19:45,after,1.2
2026-04-28 05:35,before,1.0
2026-04-28 14:45,working,2.0
2026-04-28 19:45,after,0.6
2026-04-29 05:45,before,1.1
2026-04-29 14:35,working,1.1
2026-04-29 19:35,after,1.5
2026-04-30 05:35,before,1.1
2026-04-30 14:45,working,2.0
2026-04-30 19:35,after,1.6
